,file_name,hash
0,C:/Projects/mother-eeg-data\1646832910497-Early_Precursors_of_Famil\Data\015_thomas_mmn36w.cnt,0d854854def2f7aac80df64027885d28c698ac753f664fbb4b548788ad250ff9
1,C:/Projects/mother-eeg-data\1646832910497-Early_Precursors_of_Famil\Data\034_17_mc_mmn36_wk.cnt,b9e53cd9807eeece442018ecbd45854e0da19f13922988d53fd3926e63dc5f72
2,C:/Projects/mother-eeg-data\1646832910497-Early_Precursors_of_Famil\Data\036_17_mc_mmn36_wk.cnt,263789094e3078e970daafa44edfa8ded6e351a2c75f7a1d6bdccdde5abc6186
3,C:/Projects/mother-eeg-data\1646833329075-Early_Precursors_of_Famil\Data\036_29_mc_mmn36_wk.cnt,e69f34a77510079aaa4763d93c3d50ab08b4430d839a9c745f0128b1539455b9
4,C:/Projects/mother-eeg-data\1646833329075-Early_Precursors_of_Famil\Data\119_17_jr_mmn.cnt,05973fa3a972a3b22a4aabca66ef3bdb69a3952cf26b3beca1aea159da9e679f
5,C:/Projects/mother-eeg-data\1646833329075-Early_Precursors_of_Famil\Data\119_29_jr_mmn36_wk.cnt,4930fa5b0f4af8c331d97dde6e25da8db769380cedfc10f2c711590a50895666
6,C:/Projects/mother-eeg-data\1646833329075-Early_Precursors_of_Famil\Data\133_17_jr_mmn.cnt,2a598930388709df7e0221364c2e466e6e4df348e5ace7981cd3de83e87c242b
7,C:/Projects/mother-eeg-data\1646833396252-Early_Precursors_of_Famil\Data\133_29_jr_mmn36_wk.cnt,e8e0cd0b0cba56c341e7ec1ecb5d6f9029f87afc61f0c7fa18b8684f9e23811f
8,C:/Projects/mother-eeg-data\1646833396252-Early_Precursors_of_Famil\Data\142_17_jd_mmn36_wk.cnt,a36736093ab3f63cedba654b20f07da0cd1ee7023d63c44cbe3029f9ae91e06b
9,C:/Projects/mother-eeg-data\1646833396252-Early_Precursors_of_Famil\Data\156_17_jd_mmn36_wk.cnt,71e61ccce8e7714723401ad0fcb49e0defb22d877f6e80d6d9eb482d10c4885b
10,C:/Projects/mother-eeg-data\1646833396252-Early_Precursors_of_Famil\Data\158_17_mr_mmn36.cnt,5beb3fa43ed74511bf4b8e6301aba2e87b5f3c89f63ad18aac0dcfb58414de2a
11,C:/Projects/mother-eeg-data\1646833396252-Early_Precursors_of_Famil\Data\158_29_mr_mmn36_wk.cnt,33221022de8901d363d4ee6a24bce2afd2beae54c4c96ce34be00d3a97b8c432
12,C:/Projects/mother-eeg-data\1646833396252-Early_Precursors_of_Famil\Data\162_17_mr_mmn36_wk.cnt,0a025826158fd0904c2550c474e6f2d5ba181cc986e42f907f10e0d71ee31aee
13,C:/Projects/mother-eeg-data\1646833459430-Early_Precursors_of_Famil\Data\162_17_mr_mmn36_wk.cnt,21c59e9f922128f6bb3ec58d5bf2f0ac8ebd4dee24bc24dfdebeadc49b7d7e0e
14,C:/Projects/mother-eeg-data\1646833459430-Early_Precursors_of_Famil\Data\164_17_jr_mmn36_wk.cnt,d93ea56465114e2cc572f2d0645673b71829592b92b7fe40f760b90af75b48e8
15,C:/Projects/mother-eeg-data\1646833459430-Early_Precursors_of_Famil\Data\164_29_jr_mmn36_wk.cnt,be0b804357765be7eb0c87221479d90c751a04eda2940e1a34b89c193422772c
16,C:/Projects/mother-eeg-data\1646833459430-Early_Precursors_of_Famil\Data\172_17_mr_mmn36.cnt,9be0f76cc9d007c1afd41315aa29c8f06753337de2a1116c0447639591fa5f6f
17,C:/Projects/mother-eeg-data\1646833459430-Early_Precursors_of_Famil\Data\172_29_mr_mmn36_wk.cnt,c6e2428285fcc3632b0423a68268fe13cbfc969c44bb2359c2ac8a2864b97687
18,C:/Projects/mother-eeg-data\1646833459430-Early_Precursors_of_Famil\Data\175_17_jd_mmn_wk.cnt,2b051583bd517574f0a520255e7130372c6e80e2a54fc6a191248aeedd4f5db0
19,C:/Projects/mother-eeg-data\1646833594180-Early_Precursors_of_Famil\Data\162_17_mr_mmn36_wk.cnt,57201abd241a9b68d9667675ea3ff65eb2b117883eb1ecc7555b67e1b08ee388
20,C:/Projects/mother-eeg-data\1646833594180-Early_Precursors_of_Famil\Data\164_17_jr_mmn36_wk.cnt,c91ee0735512d53b7db37dcf86ef9c990565689ab8b877f90edab0ebcb850239
21,C:/Projects/mother-eeg-data\1646833594180-Early_Precursors_of_Famil\Data\164_29_jr_mmn36_wk.cnt,d71f446f32bbd81e210bb7d7fdf9e55606418ca1d6cd96d5bfcb8f554e396955
22,C:/Projects/mother-eeg-data\1646833594180-Early_Precursors_of_Famil\Data\172_17_mr_mmn36.cnt,f8eecd5107ee0cbd1903e7607a3c4e18a1c02f6e1b81c0c2f219c7c591423ed6
23,C:/Projects/mother-eeg-data\1646833594180-Early_Precursors_of_Famil\Data\172_29_mr_mmn36_wk.cnt,b5e4db09f6153c0ea376fd298bbda87034ec60aba51883aef4350cb760d1c7ae
24,C:/Projects/mother-eeg-data\1646833594180-Early_Precursors_of_Famil\Data\175_17_jd_mmn_wk.cnt,29c26fbb469e82b78f0766e9d2e6b0c2ff3955bf7e9f1b9f215a42ae8f140722
25,C:/Projects/mother-eeg-data\1646833594180-Early_Precursors_of_Famil\Data\179_29_mr_mmn36_wk.cnt,380c9647c07bac627e93dbf955c5d6a71a737d8a5381b786acb045e06201e6ff
26,C:/Projects/mother-eeg-data\1646833659594-Early_Precursors_of_Famil\Data\162_17_mr_mmn36_wk.cnt,262d1b795449b679670ff0cc96f681af28762931264d6e0b4fd2dd231f2c99d7
27,C:/Projects/mother-eeg-data\1646833659594-Early_Precursors_of_Famil\Data\164_17_jr_mmn36_wk.cnt,6dc6b491191767d1a61eee2b69b2cffb3eea6e89a9faf254cf43f211d47cb472
28,C:/Projects/mother-eeg-data\1646833659594-Early_Precursors_of_Famil\Data\164_29_jr_mmn36_wk.cnt,7bfd576ea47ebb3c7e8021c05e6e8dd21c3c921bbff977e239ed0ea5892b6111
29,C:/Projects/mother-eeg-data\1646833659594-Early_Precursors_of_Famil\Data\172_17_mr_mmn36.cnt,930fd574e70877d3f84202f99567ba644b8fa44a30a1c6dda0bf3c625b5ceae9
30,C:/Projects/mother-eeg-data\1646833659594-Early_Precursors_of_Famil\Data\172_29_mr_mmn36_wk.cnt,947047efc70e2f547ab7f65aff22f10adee6ccf71d4010610b752cea06c24f52
31,C:/Projects/mother-eeg-data\1646833659594-Early_Precursors_of_Famil\Data\175_17_jd_mmn_wk.cnt,f3624fe69dbe8e39f5c0578e036bc296103174f4ae37cb2cd3053ad8b616138c
32,C:/Projects/mother-eeg-data\1646833659594-Early_Precursors_of_Famil\Data\179_29_mr_mmn36_wk.cnt,87cb3fafb61bf37c7e9b60b5e054707179a3b05125f35a12cb16a7203c869460
33,C:/Projects/mother-eeg-data\1646833737559-Early_Precursors_of_Famil\Data\162_17_mr_mmn36_wk.cnt,10ad953483dfed48f71ce50eaf3db49253e110633c93021e5fc795868cd0a683
34,C:/Projects/mother-eeg-data\1646833737559-Early_Precursors_of_Famil\Data\164_17_jr_mmn36_wk.cnt,d7842b65f673aca61ce7b5f439d448b4562b23cee3f8974a44921bc763a1603f
35,C:/Projects/mother-eeg-data\1646833737559-Early_Precursors_of_Famil\Data\164_29_jr_mmn36_wk.cnt,a05d159ffb01edc94b99a53a77b4bc2318532b31f7429a70597bf724d0ebe92a
36,C:/Projects/mother-eeg-data\1646833737559-Early_Precursors_of_Famil\Data\172_17_mr_mmn36.cnt,675bf954eead45d0c6f75cf58ba80236458cc1a7acf56051f93911adf8cd0545
37,C:/Projects/mother-eeg-data\1646833737559-Early_Precursors_of_Famil\Data\172_29_mr_mmn36_wk.cnt,1446f733f1825ac010e193cad02752c586f4cf646e45bd34768173b608cd7bcb
38,C:/Projects/mother-eeg-data\1646833737559-Early_Precursors_of_Famil\Data\175_17_jd_mmn_wk.cnt,d2e2bef7c2251ce3412ec92037ff430145f2d69c4385c8a0ca6fd0357a718228
39,C:/Projects/mother-eeg-data\1646833737559-Early_Precursors_of_Famil\Data\179_29_mr_mmn36_wk.cnt,b1df6537d178b9133e655acd1a4c100341a0dbdcb035aa1deab778d925855532
40,C:/Projects/mother-eeg-data\1646833737559-Early_Precursors_of_Famil\Data\333_29_jc_mmn36_wk.cnt,7d4add66f1c35e6a4db3e16e19ed0a62f6889d63c9f33c83eb467859c290ecfe
41,C:/Projects/mother-eeg-data\1646833825480-Early_Precursors_of_Famil\Data\162_17_mr_mmn36_wk.cnt,feb51cb1b777fc63441cbb4dd75b50a5e6a7a0dce41493e83dfcef17ccfb58ef
42,C:/Projects/mother-eeg-data\1646833825480-Early_Precursors_of_Famil\Data\164_17_jr_mmn36_wk.cnt,518e76f8c2b2b35d4bcafefeae8387248762094a9cc94d1a32e6abe2c793b8ba
43,C:/Projects/mother-eeg-data\1646833825480-Early_Precursors_of_Famil\Data\164_29_jr_mmn36_wk.cnt,73a1da24bff10d2d1c78fb53d8d7b5ae8a99e62177c149b2cf444ce6e24274e7
44,C:/Projects/mother-eeg-data\1646833825480-Early_Precursors_of_Famil\Data\172_17_mr_mmn36.cnt,7da25bcd7bfe9a52b558c816e347117acbcf7aee590090292f043be0d1c0756b
45,C:/Projects/mother-eeg-data\1646833825480-Early_Precursors_of_Famil\Data\172_29_mr_mmn36_wk.cnt,6efcc1889cb4891bb995debefae4f0facc36ed8559b8e6b4c9f9ed7d7235945c
46,C:/Projects/mother-eeg-data\1646833825480-Early_Precursors_of_Famil\Data\175_17_jd_mmn_wk.cnt,76b775cc2e44e32e13d872b60b1a96ebc74133cbe60d78744a0707f5eddfe3a1
47,C:/Projects/mother-eeg-data\1646833825480-Early_Precursors_of_Famil\Data\179_29_mr_mmn36_wk.cnt,5359887fffe3b7a8883910ae5b46a62bb621fd6eff8fbd98a46c266d1030f47b
48,C:/Projects/mother-eeg-data\1646833825480-Early_Precursors_of_Famil\Data\333_29_jc_mmn36_wk.cnt,c4be073304990c4e5946a53a5bf8bfe28fb7e6e41b02a8bfd592ecf719490e31
49,C:/Projects/mother-eeg-data\1646833910441-Early_Precursors_of_Famil\Data\162_17_mr_mmn36_wk.cnt,79b9eb8bdb4e73f62f008f7dcd42424ad5389898a4705029d3bda698c995efae
50,C:/Projects/mother-eeg-data\1646833910441-Early_Precursors_of_Famil\Data\164_17_jr_mmn36_wk.cnt,5cbf5100200e33ab270735c172073a376613d901a23aed8dd77976c5464ae0ef
51,C:/Projects/mother-eeg-data\1646833910441-Early_Precursors_of_Famil\Data\164_29_jr_mmn36_wk.cnt,a54015d7dd719e28140c56704f6f3f48c33a05227379f6f920c6f92a0518764e
52,C:/Projects/mother-eeg-data\1646833910441-Early_Precursors_of_Famil\Data\172_17_mr_mmn36.cnt,12571feefa9c0ef83b1aceb7a00d2880d1d762112715d2493c474bdb8d00ae34
53,C:/Projects/mother-eeg-data\1646833910441-Early_Precursors_of_Famil\Data\172_29_mr_mmn36_wk.cnt,8b48eae4ab3e1e9c33bf7071255770e0552a89707934c82743c36ae9c1cc518a
54,C:/Projects/mother-eeg-data\1646833910441-Early_Precursors_of_Famil\Data\175_17_jd_mmn_wk.cnt,a916f4489ba35d07fa09a045a1b028da4dde1f706a1c0249eb8605e732ee54d9
55,C:/Projects/mother-eeg-data\1646833910441-Early_Precursors_of_Famil\Data\179_29_mr_mmn36_wk.cnt,9ec7ad6d1d0882a35d575349ecbbacdce658510a6bb818c00a546159ea44776f
56,C:/Projects/mother-eeg-data\1646833910441-Early_Precursors_of_Famil\Data\333_29_jc_mmn36_wk.cnt,5a3fc3be0cb3803b8a0ddf002aa9f433e30c6074b1e27a570b8765c78dc01ec5
57,C:/Projects/mother-eeg-data\1646834025969-Early_Precursors_of_Famil\Data\162_17_mr_mmn36_wk.cnt,9835e375dcba85199c05146650aa6c56f3f6cab95d6df1da1cb4b1a8417b8510
58,C:/Projects/mother-eeg-data\1646834025969-Early_Precursors_of_Famil\Data\164_17_jr_mmn36_wk.cnt,a7b60a5872f642627decc711fd03edb8a552909b328c36bd07a090ce1c0bcc51
59,C:/Projects/mother-eeg-data\1646834025969-Early_Precursors_of_Famil\Data\164_29_jr_mmn36_wk.cnt,b3c810ee879ba53ac1ccfa2601320f92b09033ac1d7e8e0ed6c16ded81b33241
60,C:/Projects/mother-eeg-data\1646834025969-Early_Precursors_of_Famil\Data\172_17_mr_mmn36.cnt,0af6e2040e9d2e203e760e480a05fb1f340c96ed3b87d7212922d2ed55431bca
61,C:/Projects/mother-eeg-data\1646834025969-Early_Precursors_of_Famil\Data\172_29_mr_mmn36_wk.cnt,28272f6af83f3a4acb87ad51caec0a523a18a4930c99ae80cfb47c2883c3c122
62,C:/Projects/mother-eeg-data\1646834025969-Early_Precursors_of_Famil\Data\175_17_jd_mmn_wk.cnt,e2225c95ed11ae06379de147a6206ea46af7f014bf05e0447fe5cc2417ed2c4f
63,C:/Projects/mother-eeg-data\1646834025969-Early_Precursors_of_Famil\Data\179_29_mr_mmn36_wk.cnt,f494960969b8bf3490be6b291d427781eaf991986e3f1222b748fa9d7a1684fe
64,C:/Projects/mother-eeg-data\1646834025969-Early_Precursors_of_Famil\Data\333_29_jc_mmn36_wk.cnt,7477e6f888546f890e00dc6b8e949250aa7bad0dc58bf228a0466eb850956dbe
65,C:/Projects/mother-eeg-data\1646834131350-Early_Precursors_of_Famil\Data\162_17_mr_mmn36_wk.cnt,0b583bf37f9c6c451c5b469d92c1e000f5d7ec90d1ddf9925ba7672be683a7a9
66,C:/Projects/mother-eeg-data\1646834131350-Early_Precursors_of_Famil\Data\164_17_jr_mmn36_wk.cnt,39e242d1a95acebedcb55cc14bf129db68e951698ce2d978362f07babaf00d1a
67,C:/Projects/mother-eeg-data\1646834131350-Early_Precursors_of_Famil\Data\164_29_jr_mmn36_wk.cnt,d5ff82d07aa62f2130148123e6dbf5b0d2b25b63ae6eac9e58258c64b131d1e4
68,C:/Projects/mother-eeg-data\1646834131350-Early_Precursors_of_Famil\Data\172_17_mr_mmn36.cnt,a787e20726a83eb35a13deac052bfbfc77bc9722f967d276fe750f9100d65dd8
69,C:/Projects/mother-eeg-data\1646834131350-Early_Precursors_of_Famil\Data\172_29_mr_mmn36_wk.cnt,f462ac8570e238067568b988c693dc0faaa96267c35165fd1558c466d1a7c293
70,C:/Projects/mother-eeg-data\1646834131350-Early_Precursors_of_Famil\Data\175_17_jd_mmn_wk.cnt,ef3a1ac6f32869b473f8d0ab31d63df998608d9378521111709a462340d2d851
71,C:/Projects/mother-eeg-data\1646834131350-Early_Precursors_of_Famil\Data\179_29_mr_mmn36_wk.cnt,a9710e274d19115d0d9156fc88d633c4df7a6a42ed1ae4bcc13a242494d1e75b
72,C:/Projects/mother-eeg-data\1646834131350-Early_Precursors_of_Famil\Data\333_29_jc_mmn36_wk.cnt,ae0b9db212cd7fa65cb7f19e3b33ba78c81e831db2151d36e3a6e0d079d117be
73,C:/Projects/mother-eeg-data\1646834217873-Early_Precursors_of_Famil\Data\162_17_mr_mmn36_wk.cnt,69b5e1389b8ff65d697cee64aa4b52fac86ac9153d98b07fbb694b61d346edb9
74,C:/Projects/mother-eeg-data\1646834217873-Early_Precursors_of_Famil\Data\164_17_jr_mmn36_wk.cnt,3943f4e27884a1957e69a68350182d01f6635c639c06a8bd98565629b3ee0168
75,C:/Projects/mother-eeg-data\1646834217873-Early_Precursors_of_Famil\Data\164_29_jr_mmn36_wk.cnt,dfffa33f9d9e65ac6f56e613cf157684229ed8a08a3137fc1f2fe8f862ac4da7
76,C:/Projects/mother-eeg-data\1646834217873-Early_Precursors_of_Famil\Data\172_17_mr_mmn36.cnt,56aad43c850c8d616c142278a599a4eb18fc72ccad8f42d111784841a3ad667c
77,C:/Projects/mother-eeg-data\1646834217873-Early_Precursors_of_Famil\Data\172_29_mr_mmn36_wk.cnt,3242761e4365b7d6768623ba83f06b8a8ec098c2e30ab6cc1ec182ca56bfa5bb
78,C:/Projects/mother-eeg-data\1646834217873-Early_Precursors_of_Famil\Data\175_17_jd_mmn_wk.cnt,51c3214eec15950f4b8bd5105ee80af4b74872ce89575b039e64a5e685550713
79,C:/Projects/mother-eeg-data\1646834217873-Early_Precursors_of_Famil\Data\179_29_mr_mmn36_wk.cnt,27ccf9d9a22d559d599d814a05c8f42059da4720b8d6b21b14ec734f037daf85
80,C:/Projects/mother-eeg-data\1646834217873-Early_Precursors_of_Famil\Data\333_29_jc_mmn36_wk.cnt,e9dc028d008944efadfefb6312eec9f8c0971410b4782872483f15ac614fd688
81,C:/Projects/mother-eeg-data\1646834296122-Early_Precursors_of_Famil\Data\162_17_mr_mmn36_wk.cnt,2fb192b03ed94438c471a70bb58531a897a3801cab01cf33f09a4116bb59fb20
82,C:/Projects/mother-eeg-data\1646834296122-Early_Precursors_of_Famil\Data\164_17_jr_mmn36_wk.cnt,2bf9f6785adee50bc5d62a1052ff2558afded97c4ae796fda434f3a38c149ecd
83,C:/Projects/mother-eeg-data\1646834296122-Early_Precursors_of_Famil\Data\164_29_jr_mmn36_wk.cnt,e9cc60ab1be30adb9c7c43e798f42755112d823b5944bdca54c3c0f9b60cf5d7
84,C:/Projects/mother-eeg-data\1646834296122-Early_Precursors_of_Famil\Data\172_17_mr_mmn36.cnt,2847a27b45bf28d15132f1c1e6458e1903c355bd4894a5cdb64df08e09f73254
85,C:/Projects/mother-eeg-data\1646834296122-Early_Precursors_of_Famil\Data\172_29_mr_mmn36_wk.cnt,f0f166e0f02c2f30527334ffb42a6954a8b4807d96c7db130f13e08e25b16812
86,C:/Projects/mother-eeg-data\1646834296122-Early_Precursors_of_Famil\Data\175_17_jd_mmn_wk.cnt,76da1959bfa2bb01f825a2015453302e5d042ea998b6ad0a0323fa8e710e66ec
87,C:/Projects/mother-eeg-data\1646834296122-Early_Precursors_of_Famil\Data\179_29_mr_mmn36_wk.cnt,3eed36e0ed9aa33a1e8b69eb2ae8ff568120c5b8eef792cdb63c22c8431d1eec
88,C:/Projects/mother-eeg-data\1646834296122-Early_Precursors_of_Famil\Data\333_29_jc_mmn36_wk.cnt,b5e4c495c5dc2fba4247f98df74ecaa3d521c9149c39c7c86bcbc160ed0bd372
89,C:/Projects/mother-eeg-data\1646834376618-Early_Precursors_of_Famil\Data\162_17_mr_mmn36_wk.cnt,c5cdb869a466c7faf4544472718551944d4bc9fac05eb0555f4b590fbdcf54df
90,C:/Projects/mother-eeg-data\1646834376618-Early_Precursors_of_Famil\Data\164_17_jr_mmn36_wk.cnt,ca53ed559ec98f95a4526815fb261af1527a9ea59708d4e53e8c0e47f25dd234
91,C:/Projects/mother-eeg-data\1646834376618-Early_Precursors_of_Famil\Data\164_29_jr_mmn36_wk.cnt,2b26f44cf3143d8ae110e020b226f6ffc0a0782ff5e4c336670043e1053c055d
92,C:/Projects/mother-eeg-data\1646834376618-Early_Precursors_of_Famil\Data\172_17_mr_mmn36.cnt,6d6b1868e41347d7aca75bc2ad1a6f5397890c366f63a5d3f5f99803597c2d58
93,C:/Projects/mother-eeg-data\1646834376618-Early_Precursors_of_Famil\Data\172_29_mr_mmn36_wk.cnt,35dc7f1dd244f223c7f649dc3f268af383d8eec4c98d48ce6d046b937705921d
94,C:/Projects/mother-eeg-data\1646834376618-Early_Precursors_of_Famil\Data\175_17_jd_mmn_wk.cnt,a6137013c26b476a3ab7a81784211cba0d378d776b76d1117770072a1f3b2f56
95,C:/Projects/mother-eeg-data\1646834376618-Early_Precursors_of_Famil\Data\179_29_mr_mmn36_wk.cnt,3636794b08aabf3179eaaff55733daeccaa64edcd806374fd2c80a52146cb6d0
96,C:/Projects/mother-eeg-data\1646834376618-Early_Precursors_of_Famil\Data\333_29_jc_mmn36_wk.cnt,4ac1590a06e44ddff0d95bec79dcaa8df308af144fa618882b9a6b7e2a71e62f
97,C:/Projects/mother-eeg-data\1646834835436-Early_Precursors_of_Famil\Data\478_17_jd_mmn_36_wk.cnt,88d0bfd9c703132cfe5dafd1cb0c0f705a0e7cad3fdc6d67b78d4e49c3592f70
98,C:/Projects/mother-eeg-data\1646835540092-Early_Precursors_of_Famil\Data\488_17_jd_mmn36_wk.cnt,289aca9f538b379931d0833b83088f6b401fedd39631cfec98eb331c874c592b
99,C:/Projects/mother-eeg-data\1646835674651-Early_Precursors_of_Famil\Data\489_17_md_mmn36_wk.cnt,cbd179fe84c823c3a6565ee0220f36058513df92e0c4cb75394ef1dcc2224f19
100,C:/Projects/mother-eeg-data\1646836068468-Early_Precursors_of_Famil\Data\489_29_md_mmn36_wk.cnt,38e8ae243aa84e47e29672f56541cbc30eb79de29da701442756b665f588e915
101,C:/Projects/mother-eeg-data\1646837539829-Early_Precursors_of_Famil\Data\489_29_md_mmn36_wk.cnt,ccce121787da2bfa3ec7415e8be5d238a347223a8f8b44f0770cac80aacdcfeb
102,C:/Projects/mother-eeg-data\1646837868098-Early_Precursors_of_Famil\Data\491_17_jd_mmn36_wk.cnt,7131d892621bfc918b458e13e25b8674962e859006b5e78b216b36ffb69f5d5f
103,C:/Projects/mother-eeg-data\1646837868098-Early_Precursors_of_Famil\Data\494_17_jd_mmn36_wk.cnt,bf918477b3f891fa7eac0774d5da4f9739645a7b969f33381eb64c9d8c895629
104,C:/Projects/mother-eeg-data\1646837868098-Early_Precursors_of_Famil\Data\497_17_jd_mmn36_wk.cnt,eb06e4c6e89e53d5151bb814c11e9b595148235609f56b5e5dbee5f8e595d369
105,C:/Projects/mother-eeg-data\1646837868098-Early_Precursors_of_Famil\Data\602-115-17m-mc-mmn.cnt,f2d995ff250faed44a059330d5443640024c14f1287bddbf43d09e475466a2a1
106,C:/Projects/mother-eeg-data\1646837868098-Early_Precursors_of_Famil\Data\602-115-29m-mc-mmn36.cnt,6d60afa175e6a10aca336ef98ea7d6638b1358df058ef492c49afbaff988665e
107,C:/Projects/mother-eeg-data\1646838033340-Early_Precursors_of_Famil\Data\604-133-17m-jc-mmn36.cnt,301454f75bc99b9dfcaadb17ccd255fe7d4747490aa5559d8317b8944bc78dd6
108,C:/Projects/mother-eeg-data\1646838033340-Early_Precursors_of_Famil\Data\604-133-29m-jc-mmn36.cnt,17b83874e76d7ab967ad063474e6a36ce677ea474a3be4a47c1aea0804b29d78
109,C:/Projects/mother-eeg-data\1646838033340-Early_Precursors_of_Famil\Data\605-131-17m-jc-mmn.cnt,ad642e07f6d2b7d68fdcdb80276bd7569a29e8bff620cc026ac6e536a8ad05e0
110,C:/Projects/mother-eeg-data\1646838033340-Early_Precursors_of_Famil\Data\605-131-29m-jc-mmn36.cnt,6fe553b478491eb3f79ec187b3d3b01c59009c62e0cfc704bc7b701038f0ad77
111,C:/Projects/mother-eeg-data\1646838033340-Early_Precursors_of_Famil\Data\607-000-17m-jc-mmn1_36.cnt,bf731e672d8ec9e8544ef8fc793da3350043e6e605d60d14f4783e2d6a882892
112,C:/Projects/mother-eeg-data\1646838083794-Early_Precursors_of_Famil\Data\607-128-29m-jc-mmn36.cnt,119c55fc1131d9513121e42e48b03dfab32a8694f7980b60e47ae12e57167d72
113,C:/Projects/mother-eeg-data\1646838083794-Early_Precursors_of_Famil\Data\608-170-17m-mc-mmn36_2.cnt,8d142ad57fd15afc51aacb01a35a811c0b9bac38342c6e47318494d530106914
114,C:/Projects/mother-eeg-data\1646838083794-Early_Precursors_of_Famil\Data\608-170-29m-mc-mmn36.cnt,f250c51432925a12792e754b3f8ff435a90fc1784ef2c187ad1b634b71cf2d78
115,C:/Projects/mother-eeg-data\1646838083794-Early_Precursors_of_Famil\Data\609-158-17m-jc-mmn36.cnt,7fea051b536f3f7fa3d236ccf610b5c1df5b50e95a28214cc44cc5fb9fbf6370
116,C:/Projects/mother-eeg-data\1646838083794-Early_Precursors_of_Famil\Data\609-158-29m-jc-mmn36.cnt,c8eda6d1e74aa8b0e2055bc500d0346d1fa51978b894f2823f083048204922c1
117,C:/Projects/mother-eeg-data\1646838083794-Early_Precursors_of_Famil\Data\610-185-29m-jc-mmn36-2-waak.cnt,d7e3675ced41c15f5a9bac0edc46335e357d8eccef0ce02cf286d46507daa977
118,C:/Projects/mother-eeg-data\1646838123927-Early_Precursors_of_Famil\Data\610_185_17m_jc_mmn36.cnt,edafab62ac0658ded9a2d7fe777771620d954568cfd450badccfe480ee9c0a7a
119,C:/Projects/mother-eeg-data\1646838123927-Early_Precursors_of_Famil\Data\611_157_17m_mc_mmn36.cnt,ee915b3846f94f3c9de62ac65fb4103e25614ff234cc85d8175d71128e85a5cf
120,C:/Projects/mother-eeg-data\1646838123927-Early_Precursors_of_Famil\Data\613-176-17m-mc-mmn36.cnt,c0b7078c2e8d003580818285483622e50828cb2ad10766261d4128865321e7b0
121,C:/Projects/mother-eeg-data\1646838123927-Early_Precursors_of_Famil\Data\613-176-29m-mc-mmn36.cnt,928310453bd828c17072b239c51019854f15a4f5098a4f1e9378add50875d708
122,C:/Projects/mother-eeg-data\1646838123927-Early_Precursors_of_Famil\Data\618-163-17m-j-c-mmn36.cnt,12fa941896396c36e37bc88f78d7cf07d03ab736b3d53dbc41589e4153983352
123,C:/Projects/mother-eeg-data\1646838123927-Early_Precursors_of_Famil\Data\618-163-29m-jc-mmn36.cnt,e1a8ec5452440ffdd565fa1536d6c4a9e309df2f22289506de07ad0a4d0b691c
124,C:/Projects/mother-eeg-data\1646838177047-Early_Precursors_of_Famil\Data\613-176-29m-mc-mmn36.cnt,e3559ecc86163bdbf3c1e74c4f0104d89ddcb1863312ec22d20642ad018cfbd3
125,C:/Projects/mother-eeg-data\1646838177047-Early_Precursors_of_Famil\Data\618-163-17m-j-c-mmn36.cnt,c16ce44a1612b5ecd50aacd5d32fff050697d01dc255b11703bbaa328fa4cc33
126,C:/Projects/mother-eeg-data\1646838177047-Early_Precursors_of_Famil\Data\618-163-29m-jc-mmn36.cnt,b828df60622e8cadbad404d8ef2398187211dbcdf89e9fa2e20ea00b0bf034b2
127,C:/Projects/mother-eeg-data\1646838177047-Early_Precursors_of_Famil\Data\620_313_17m_jc_mmn36_waak.cnt,8ba5467ea75062a9b0cde0589ac2c6699ec22a0af51557581356ad6ffcdc31c8
128,C:/Projects/mother-eeg-data\1646838177047-Early_Precursors_of_Famil\Data\622-189-17m-jc-mmn36-2.cnt,797b23df02f78a7706cd56ee20003bbf699964967f2c189deff6bd19d4ff53a1
129,C:/Projects/mother-eeg-data\1646838177047-Early_Precursors_of_Famil\Data\622-189-29m-jc-mmn36.cnt,d1f6eed8d4fd3366570187d3f74fd7b03d246361af01c5d59120adc9f846a776
130,C:/Projects/mother-eeg-data\1646838177047-Early_Precursors_of_Famil\Data\623-321-29m-mc-mmn36.cnt,1970691363858c9b006a0794c058c9fbd31e5800a5e4098500ccf85b73c65f4a
131,C:/Projects/mother-eeg-data\1646838177047-Early_Precursors_of_Famil\Data\623_321_17m_mc_mmn36_waak.cnt,e76605a93a730e991d30619c8f08820153ecf29bcb7713773cf4c9aba6d7eb37
132,C:/Projects/mother-eeg-data\1646838240223-Early_Precursors_of_Famil\Data\613-176-29m-mc-mmn36.cnt,5b892a0495430143beaf5c508d1fbf424c7bacb8bb517f7be0bed7342911e365
133,C:/Projects/mother-eeg-data\1646838240223-Early_Precursors_of_Famil\Data\618-163-17m-j-c-mmn36.cnt,f36a67d2003ca225418a74794dbc2aeb8d8bb52c34e3c9a05738489c5005ba50
134,C:/Projects/mother-eeg-data\1646838240223-Early_Precursors_of_Famil\Data\618-163-29m-jc-mmn36.cnt,4f34449863482623c6e8ad0e6b6d555ffe6a1e74799187e5f0880a84118d67e5
135,C:/Projects/mother-eeg-data\1646838240223-Early_Precursors_of_Famil\Data\619-247-17m-mc-mmn36.cnt,5101b53a1f41ada35195ec1aaceb4d87e0f8b84b28458fbd12ddd445df3bd5c3
136,C:/Projects/mother-eeg-data\1646838240223-Early_Precursors_of_Famil\Data\623_321_17m_mc_mmn36_waak.cnt,fa554c51aead845e4d5cb197b9e4539f1acdb164c0b406e26030a8a6f14309e5
137,C:/Projects/mother-eeg-data\1646838240223-Early_Precursors_of_Famil\Data\625-253-17m-jc-mmn36.cnt,ce12950d1ce042352b28a2ff930c6ea86f6ada1cc4e39c248cfb3cbe4feddf02
138,C:/Projects/mother-eeg-data\1646838240223-Early_Precursors_of_Famil\Data\625-253-29m-jc-mmn36.cnt,b87fbe5adac3c4306fda974d5ff3908eb5f2d98d2a9c90311e2ecdd23cea21f7
139,C:/Projects/mother-eeg-data\1646838240223-Early_Precursors_of_Famil\Data\626-377-17m-jc-mmn36-waak.cnt,96a5ff9d9b42a9275387032d9d20721a01c0055ab8181e208dd12595df42e40b
140,C:/Projects/mother-eeg-data\1646838240223-Early_Precursors_of_Famil\Data\627-356-17m-mc-mmn36-waak.cnt,ee1fb99e5ec97be764e3538e38a8cdf3f54b510281043cd6cbc5db447bbddb35
141,C:/Projects/mother-eeg-data\1646838240223-Early_Precursors_of_Famil\Data\628-369-17m-mc-mmn36.cnt,68c906a139f64275a05b9cccbda4b41b456c80a8df562472a7d5867cffddaeae
142,C:/Projects/mother-eeg-data\1646838302136-Early_Precursors_of_Famil\Data\613-176-29m-mc-mmn36.cnt,d173d343d34991e50a036eb4de341b4767a785f603722359c41006964a208381
143,C:/Projects/mother-eeg-data\1646838302136-Early_Precursors_of_Famil\Data\618-163-17m-j-c-mmn36.cnt,84afa9c113444778290f4c8abb696afbd6e473dff0de82149cd17ac20b60bb49
144,C:/Projects/mother-eeg-data\1646838302136-Early_Precursors_of_Famil\Data\618-163-29m-jc-mmn36.cnt,050c4b24e9df1e73ff4416e0d29733e4f322071a99cccc358aae9d23a54715b5
145,C:/Projects/mother-eeg-data\1646838302136-Early_Precursors_of_Famil\Data\619-247-17m-mc-mmn36.cnt,b522e3513886446cf7d9ecd8a5d6de3dc3356e495700b504b0d122097cecba91
146,C:/Projects/mother-eeg-data\1646838302136-Early_Precursors_of_Famil\Data\623_321_17m_mc_mmn36_waak.cnt,b98b589d956d8a9a5b1e1081e608cdd6525b778c4ffcddb94d19a50665629c67
147,C:/Projects/mother-eeg-data\1646838302136-Early_Precursors_of_Famil\Data\625-253-17m-jc-mmn36.cnt,75d156d3ede32888be0745db3765055601f9fa1e11214c69e34a493c0ccfa9c5
148,C:/Projects/mother-eeg-data\1646838302136-Early_Precursors_of_Famil\Data\625-253-29m-jc-mmn36.cnt,dcdd343f556cd8903ac4742dd0eabe9494fec9918aabf41de2d52b6b2473f8cb
149,C:/Projects/mother-eeg-data\1646838302136-Early_Precursors_of_Famil\Data\626-377-17m-jc-mmn36-waak.cnt,3362dd0fadee54241f026acf37eb6c237fed6db5e5438f855aca3fe058d82307
150,C:/Projects/mother-eeg-data\1646838302136-Early_Precursors_of_Famil\Data\627-356-17m-mc-mmn36-waak.cnt,21b5aacc41fc605e0618ea6551c859a2948acc9bc00aa9760f35eb73694e2b48
151,C:/Projects/mother-eeg-data\1646838302136-Early_Precursors_of_Famil\Data\628-369-17m-mc-mmn36.cnt,e1d251cadf5621ddc3672e3d9f41e0fc36dcb100bbc82467aed4d976bcb9c20f
152,C:/Projects/mother-eeg-data\1646838361743-Early_Precursors_of_Famil\Data\613-176-29m-mc-mmn36.cnt,ee205e373b5e2630003fba1c18658922f03413100879083cb54b892c45f699ba
153,C:/Projects/mother-eeg-data\1646838361743-Early_Precursors_of_Famil\Data\618-163-17m-j-c-mmn36.cnt,de82c674a2a2201982582a346bb61799ccbaa6c4d1f7522a23e79bac58c295e8
154,C:/Projects/mother-eeg-data\1646838361743-Early_Precursors_of_Famil\Data\618-163-29m-jc-mmn36.cnt,4a37464aa88a4a9efb5572ffac9542fc7f80354cf7c9d9b51768c87f2c157d19
155,C:/Projects/mother-eeg-data\1646838361743-Early_Precursors_of_Famil\Data\619-247-17m-mc-mmn36.cnt,1d0e3441f609e0386f79b3a050a53294d2edb702ab06cac06efb3a25ba70cb9e
156,C:/Projects/mother-eeg-data\1646838361743-Early_Precursors_of_Famil\Data\623_321_17m_mc_mmn36_waak.cnt,13f720aa6cf3f86b88422f3302aaa91952767bb0326e2f587b73e215133a713c
157,C:/Projects/mother-eeg-data\1646838361743-Early_Precursors_of_Famil\Data\625-253-17m-jc-mmn36.cnt,4547fbfdc7e121137fcc23195e1d6abdf96ed1e669e33feaf3c9dcee0d9c4c3b
158,C:/Projects/mother-eeg-data\1646838361743-Early_Precursors_of_Famil\Data\625-253-29m-jc-mmn36.cnt,2b24add81f7543784654adf0bf6fbbb379132032c937984fb4e89539e67a0aee
159,C:/Projects/mother-eeg-data\1646838361743-Early_Precursors_of_Famil\Data\626-377-17m-jc-mmn36-waak.cnt,8a8407b4d738d684c94507861c665a7af45b1e2bd8351d2b1f71e230432a35ff
160,C:/Projects/mother-eeg-data\1646838361743-Early_Precursors_of_Famil\Data\627-356-17m-mc-mmn36-waak.cnt,d29a0448219b8569d28c22ce8e24e08cf4836716d1e18ab69f301cbec2d1326f
161,C:/Projects/mother-eeg-data\1646838361743-Early_Precursors_of_Famil\Data\628-369-17m-mc-mmn36.cnt,2691d6bb689a148794fec4330cb6f1f9898b47289978a31f0637f7ba596d08e1
162,C:/Projects/mother-eeg-data\1646840582113-Early_Precursors_of_Famil\Data\758-465-29m-mr-mmn36.cnt,a4b7f1fde9e534dde89edf2aaeabf6065901a49c1f4922fff42f90356253cd72
163,C:/Projects/mother-eeg-data\1646840647703-Early_Precursors_of_Famil\Data\753-470-29m-mr-mmn36.cnt,f0e589e3a84be9632419426d9d822da399f0441a12cdb9a5e9a3cc69b69be585
164,C:/Projects/mother-eeg-data\1646840647703-Early_Precursors_of_Famil\Data\754-472-17m-jr-mmn36.cnt,408a0812c99c8fd6a8499dacee1dd4a537bdde21f9f4cba94b6894322c0e19b4
165,C:/Projects/mother-eeg-data\1646840647703-Early_Precursors_of_Famil\Data\755-471-17m-mr-mmn36.cnt,21103ff95b453b9041103df35ffd4d0147657e7d1921058da07e060429f3b3f6
166,C:/Projects/mother-eeg-data\1646840647703-Early_Precursors_of_Famil\Data\755-471-29m-mr-mmn.cnt,74cab1df7ca79924007ab413e36037962cab85ae93c9c727cbaf970cd3042cfd
167,C:/Projects/mother-eeg-data\1646840647703-Early_Precursors_of_Famil\Data\757-487-17m-jr-mmn36.cnt,0360fcfa8e3b573d54d97da0425d9e05726c62e3663eca090906943cee3aff08
168,C:/Projects/mother-eeg-data\1646840647703-Early_Precursors_of_Famil\Data\758-465-17m-mr-mmn36.cnt,3817a69a4a8d703c4be1fa4c92253ec040bb6e9993bf7ed67a9c5453dfa298cd
169,C:/Projects/mother-eeg-data\1646840837028-Early_Precursors_of_Famil\Data\749-032-29m-jr-mmn36.cnt,72058c853c25a35dbc65090004bce98a8682884dfc289574563c719444d22776
170,C:/Projects/mother-eeg-data\1646840837028-Early_Precursors_of_Famil\Data\749-461-17m-jr-mmn36.cnt,5dfbf9959da1c474dadce4887227fc56feabd5da44726bc83174ad7c236063c6
171,C:/Projects/mother-eeg-data\1646840837028-Early_Precursors_of_Famil\Data\751-452-29m-jr-mmn36.cnt,d880a8057fc569f30e986bc816e3a4543173f3b56159833ffb75d152bcdf3728
172,C:/Projects/mother-eeg-data\1646840837028-Early_Precursors_of_Famil\Data\751-542-17m-jr-mmn36.cnt,d5777fae40e23c670136960981d950cec3f071442472ec8351e73aebc64ff732
173,C:/Projects/mother-eeg-data\1646840837028-Early_Precursors_of_Famil\Data\752-457-17m-jr-mmn36.cnt,c67352b8c7d13981023af247e4d21dada6fb1999eaff617953ed8b71b94dc692
174,C:/Projects/mother-eeg-data\1646840837028-Early_Precursors_of_Famil\Data\753-470-17m-mr-mmn36.cnt,d350023b3ba976d6ae3f0c80dd78afa8979c6f9681e139549d9e9a3aa5846cad
175,C:/Projects/mother-eeg-data\1646840990932-Early_Precursors_of_Famil\Data\746-438-29m-jr-mmn36.cnt,3470cea5c88494c9231700b4bf22f6f34e62c8aae5120932ac6a56077d0eee1a
176,C:/Projects/mother-eeg-data\1646840990932-Early_Precursors_of_Famil\Data\747-410-17m-mr-mmn36.cnt,060b8f5bf16d651a2ba671ca0ce560818ea09dd95e63b2204d3dee876816b403
177,C:/Projects/mother-eeg-data\1646840990932-Early_Precursors_of_Famil\Data\747-410-29m-mr-mmn36.cnt,9ef3ebef3f3d89bee23159dd99fdb732cbeaa98a16b3d28104148a62dbb10293
178,C:/Projects/mother-eeg-data\1646840990932-Early_Precursors_of_Famil\Data\748-402-17m-mr-mmn36.cnt,23ddb9618abda16f867379b28b7244aea5fe78f9af6af19f820b29261e0241b2
179,C:/Projects/mother-eeg-data\1646840990932-Early_Precursors_of_Famil\Data\748-402-29m-mr-mmn36.cnt,8b3b0ed806a3ed1655aa40aae6fe7b933ed9a058c34aae2fe2f3b39ba7aec3ed
180,C:/Projects/mother-eeg-data\1646841060633-Early_Precursors_of_Famil\Data\742-421-17m-mr-mmn36.cnt,59ff5ae43ea048e841294338f41d650d65bd1a07d8327668d9aa49b00955d030
181,C:/Projects/mother-eeg-data\1646841060633-Early_Precursors_of_Famil\Data\742-421-29m-mr-mmn36.cnt,8596a88ec23c48f65fda7935e052b2e5c41e60b42c25bee420d6621c0c4c918c
182,C:/Projects/mother-eeg-data\1646841060633-Early_Precursors_of_Famil\Data\743-475-17m-jr-mmn36.cnt,6fc09336d6a68ad3ec4c5604c272502d5b0938edf7d2dc60079c2842893ed540
183,C:/Projects/mother-eeg-data\1646841060633-Early_Precursors_of_Famil\Data\745-166-29m-mr-mmn36.cnt,875abf8db210ff38e420d64d3dc6885b3eaa2f6ebd945398eca7c7e664440b39
184,C:/Projects/mother-eeg-data\1646841060633-Early_Precursors_of_Famil\Data\745-466-17m-mr-mmn36.cnt,c8cb983918df77c6b1eba5b3a538b16f47b56bf7090acd124e9af71f80c976e4
185,C:/Projects/mother-eeg-data\1646841060633-Early_Precursors_of_Famil\Data\746-438-17m-jr-mmn36.cnt,3cd188f6751a5e6edd90619aa0d8d83d7c48228f6b47d2e6a9626b7b90c60e26
186,C:/Projects/mother-eeg-data\1646841264286-Early_Precursors_of_Famil\Data\735-125-29m-mr-mmn36.cnt,c38f8c6aab1a1422ab3272fdcef746fb35e646208befe52ed8ecaa0ab010c8fc
187,C:/Projects/mother-eeg-data\1646841264286-Early_Precursors_of_Famil\Data\739-368-17m-mr-mmn36-2.cnt,f01a70b4364e43143fda449293692544b967713fc51fa6627b950a893331d9b3
188,C:/Projects/mother-eeg-data\1646841264286-Early_Precursors_of_Famil\Data\739-368-17m-mr-mmn36.cnt,dc245f9261f9cc0fbc865779108265327e480811fb9731d88dee68986274024a
189,C:/Projects/mother-eeg-data\1646841264286-Early_Precursors_of_Famil\Data\739-368-29m-mr-mmn36.cnt,d7ddc3b6e9197ae12d1e574c7a7908e32961259752bb47e32365466b0e950b74
190,C:/Projects/mother-eeg-data\1646841264286-Early_Precursors_of_Famil\Data\740-396-17m-jr-mmn36-waak.cnt,70da6f329d3ee04e2e2d25673f3a48e4c134bde0e03d3e26a276b1720a9a5e9c
191,C:/Projects/mother-eeg-data\1646841264286-Early_Precursors_of_Famil\Data\740-396-29m-jr-mmn36.cnt,74c33336b003aacfc94c41da0603d39ecb92e1e638bf85738f4fd55df6904bcf
192,C:/Projects/mother-eeg-data\1646841331619-Early_Precursors_of_Famil\Data\730-201-29m-jr-mmn36.cnt,67fa054222bc7ab5b569dbc75748ae5ea2af76b4433d825e1f92168c2a1cf365
193,C:/Projects/mother-eeg-data\1646841331619-Early_Precursors_of_Famil\Data\731-197-17m-jr-mmn.cnt,4b8eecaf33bda7e9f10f15b11b2cbe135665d806ccb12d6f023f97cd5c3016e8
194,C:/Projects/mother-eeg-data\1646841331619-Early_Precursors_of_Famil\Data\731-197-17m-jr-mmn2.cnt,e5ecdd2fd7d3faaee6eaa9e94f5b68fb78d5446e0490fdc68ba17dbb5b13b739
195,C:/Projects/mother-eeg-data\1646841331619-Early_Precursors_of_Famil\Data\734-230-29m-mr-mmn36.cnt,bc2fec450626a6de92f4faac8e0db30918af54645f410edd547bf0b6a13d3dce
196,C:/Projects/mother-eeg-data\1646841331619-Early_Precursors_of_Famil\Data\734_230_17m_mr_mmn36.cnt,c8452811f05c395643be8173929a742dfe341406e5d90b343e9d64a900f6a528
197,C:/Projects/mother-eeg-data\1646841331619-Early_Precursors_of_Famil\Data\735-125-17m-mr-mmn36.cnt,0c2ed78bd46a2632133586084fedc225bd3a8ac161aca645b1f61ecd7bfe4af9
198,C:/Projects/mother-eeg-data\1646841331619-Early_Precursors_of_Famil\Data\740-396-29m-jr-mmn36.cnt,95087976ec1431180aad611ed6b8b2ba0d0a513d858620c8136cd8bbdb6b2ba7
199,C:/Projects/mother-eeg-data\1646841543300-Early_Precursors_of_Famil\Data\725_161_17m_jr_mmn36.cnt,57de1879d731ef732f6d51c7d9aeaf432f879097e8208b5dbc68896286de88a2
200,C:/Projects/mother-eeg-data\1646841543300-Early_Precursors_of_Famil\Data\725_161_17m_jr_mmn36_2.cnt,069a2ed44c41014a1a12365a591dd3b24a5e7fa684710902d69c91420f618228
201,C:/Projects/mother-eeg-data\1646841543300-Early_Precursors_of_Famil\Data\726-126-29m-jr-mmn36.cnt,3543dd904322ea019affcaf224708287865f029d1bd4d2460de0da073cb20e36
202,C:/Projects/mother-eeg-data\1646841543300-Early_Precursors_of_Famil\Data\726_126_17m-jr_mmn36.cnt,f01ddf2aa531f1d950af2f62b2edee9e28f25758eb832e483178f67a4b0f2246
203,C:/Projects/mother-eeg-data\1646841543300-Early_Precursors_of_Famil\Data\726_126_17m-jr_mmn36b.cnt,8295c18cbda2fde267aa0eb5b9ca7acc9dc99d4dedcd04304afe31bb34b92b53
204,C:/Projects/mother-eeg-data\1646841543300-Early_Precursors_of_Famil\Data\730-201-17m-jr-mmn.cnt,24a63f2fe87920bfbddc6a8b8f61640504cf0994bfc48eeb917ef2a206ab05f4
205,C:/Projects/mother-eeg-data\1646841649276-Early_Precursors_of_Famil\Data\719-079-jr-17m-mmn36.cnt,fc1597e60fed914d92e18a579b9073a06f5b613d31763dd5396a90de5d3efcb7
206,C:/Projects/mother-eeg-data\1646841649276-Early_Precursors_of_Famil\Data\720-166-17m-jr-mmn.cnt,1572d1747515fdcf2ed7a8c7e2426fc356dd42e41c53583a0126194fba906f32
207,C:/Projects/mother-eeg-data\1646841649276-Early_Precursors_of_Famil\Data\720-166-17m-jr-mmn2.cnt,b47c8efa086df35e084285cc6d73ce50411fabead0b6a97d9d4c56f0767f1b16
208,C:/Projects/mother-eeg-data\1646841649276-Early_Precursors_of_Famil\Data\724-116-17m-jr-mmn36.cnt,e45067d7f07feb45fa87d4b054a675c2ae2935570f60af1e0d601ef1cb26525b
209,C:/Projects/mother-eeg-data\1646841649276-Early_Precursors_of_Famil\Data\724-116-29m-jr-mmn36.cnt,a942bf98b59626bab2dda76bb1ddcd1810ec4f95e9820e78482c0a65e71c61c6
210,C:/Projects/mother-eeg-data\1646841649276-Early_Precursors_of_Famil\Data\725-161-29m-jr-mmn36.cnt,c9c53097656667928c0840bb03aac3c1a815fd4570f6170ae9e06aa7884fd918
211,C:/Projects/mother-eeg-data\1646854548661-Early_Precursors_of_Famil\Data\719-079-29m-jr-mmn36.cnt,76e5a716c1452a1a70d5b0533e07dec0f4272d7abedacde7534234ff63fea250
212,C:/Projects/mother-eeg-data\1646854548661-Early_Precursors_of_Famil\Data\719-079-jr-17m-mmn36.cnt,b721a2e77b71758f70d96023e897d99c8a9c2d3f394b97ff06ad70fd1df64f09
213,C:/Projects/mother-eeg-data\1646854579632-Early_Precursors_of_Famil\Data\707-060-17m-jd-mmn.cnt,7071efa67e8f61b73e84f95286da6f2a09587f16f8a25c29a746d5dff5192307
214,C:/Projects/mother-eeg-data\1646854579632-Early_Precursors_of_Famil\Data\707-060-17m-jr-mmn.cnt,a6b1d575ced19089221f5084fb0b68ef0fd3a80bbdf2ddc888a1470661466043
215,C:/Projects/mother-eeg-data\1646854579632-Early_Precursors_of_Famil\Data\707-060-29m-jr-mmn36-waak.cnt,a6f10cd998dc9b693fdf63ef2820749c5c5584a1ea32f8bcb566b3eda6346166
216,C:/Projects/mother-eeg-data\1646854646035-Early_Precursors_of_Famil\Data\640-464-17m-jc-mmn36-2.cnt,a90779f23bc629ea70dee60b86d069c6498e65f76d0df90c57507df562aafd9f
217,C:/Projects/mother-eeg-data\1646854646035-Early_Precursors_of_Famil\Data\640-464-17m-jc-mmn36.cnt,0ae7a58c9cc496c54b5f74456c38bf6bf69e5b45e4c96cafc1efbc5aa9496be6
218,C:/Projects/mother-eeg-data\1646854646035-Early_Precursors_of_Famil\Data\640-464-29m-jc-mmn36.cnt,cba661e69d3d8141f244fc0299239d86c9d379142de5d5bd31faa071d6fd6d80
219,C:/Projects/mother-eeg-data\1646854646035-Early_Precursors_of_Famil\Data\642-485-17m-jc-mmn36.cnt,cd127c573ee933fa98a474e2f4c46e0f0044777585549182bc3ef79f3719f4c4
220,C:/Projects/mother-eeg-data\1646854646035-Early_Precursors_of_Famil\Data\642-485-29m-jc-mmn36.cnt,dedef41fd6b318029fb60f76880e2d866ea746cb9125d67646957e74e3758c47
221,C:/Projects/mother-eeg-data\1646854646035-Early_Precursors_of_Famil\Data\646-478-17m-mc-mmn36.cnt,6fd81acfeb1195fdbc800edaa18def4097207d38c640d6d8a02226df0d3767e8
222,C:/Projects/mother-eeg-data\1646854646035-Early_Precursors_of_Famil\Data\646-478-29m-mc-mmn36.cnt,763bd17190f48ba6fb9125c7a104db4d25ebc9c1e8453ebdcf9b74faf70c50d8
223,C:/Projects/mother-eeg-data\1646854720989-Early_Precursors_of_Famil\Data\635-364-17m-mc-mmn36.cnt,1c75c28afd597e76e78dc8e275b78dfa9c09fa7bf50afd7963a64828fd8dc605
224,C:/Projects/mother-eeg-data\1646854720989-Early_Precursors_of_Famil\Data\635-364-29m-mc-mmn36.cnt,edc7daf44f106c666a7df11f20754e302295cbb604dca314f7a4ca5f6a221898
225,C:/Projects/mother-eeg-data\1646854720989-Early_Precursors_of_Famil\Data\636-468-17m-jc-mmn36.cnt,647b9b8754b943265337f651d44926a82046c37758809d6583e87990c67d1427
226,C:/Projects/mother-eeg-data\1646854720989-Early_Precursors_of_Famil\Data\637-479-17m-mc-mmn36-2.cnt,6bd254faee3bbeb8e24cd62869f123b1d29b2c403168c3400a21d3f821214c52
227,C:/Projects/mother-eeg-data\1646854720989-Early_Precursors_of_Famil\Data\637-479-17m-mc-mmn36.cnt,d55406b2a24401c1a8555cdaccf325c6d12821b84c5193164f25a43f9970cc36
228,C:/Projects/mother-eeg-data\1646854720989-Early_Precursors_of_Famil\Data\639-484-17m-jc-mmn36.cnt,cd0c75c17de313aafde4ff5e33b529dd2a67cccac4e8085366c1582ddaa2e48b
229,C:/Projects/mother-eeg-data\1646854785733-Early_Precursors_of_Famil\Data\635-364-17m-mc-mmn36.cnt,a3a09ddba6f8c20ee489c1dc4d7289a8aae340f13c328697e2875adb027e383f
230,C:/Projects/mother-eeg-data\1646854785733-Early_Precursors_of_Famil\Data\635-364-29m-mc-mmn36.cnt,6c50148ea0c8bac44f217bc2c25369505568ed7e7f49bc8078ab5b840651973d
231,C:/Projects/mother-eeg-data\1646854785733-Early_Precursors_of_Famil\Data\636-468-17m-jc-mmn36.cnt,e0eca2ea6ddcb7c74312a8d6b59908b3a18d87f4ab2a69515402cfeab1cc0e5a
232,C:/Projects/mother-eeg-data\1646854785733-Early_Precursors_of_Famil\Data\637-479-17m-mc-mmn36-2.cnt,e6bae40c1a4aa198766e7f45bdf4bdda45a99157eef147ab39a4c8652ce7ca4a
233,C:/Projects/mother-eeg-data\1646854785733-Early_Precursors_of_Famil\Data\637-479-17m-mc-mmn36.cnt,927cb5a36c5b0cc3b6602aaf07c0fdb780ba0a32d3d5d639c7609fc7391fbd9e
234,C:/Projects/mother-eeg-data\1646854785733-Early_Precursors_of_Famil\Data\639-484-17m-jc-mmn36.cnt,5df2b55ab0345ce0033f4896f312cd94ad74608f4090ba16fe85d9fbbc7fd0e4
235,C:/Projects/mother-eeg-data\1646854865829-Early_Precursors_of_Famil\Data\626-377-17m-jc-mmn36-waak.cnt,0d3f930533469446afeaabd8e78e8bebda440d6a4fbed46a7538b04d64b319d3
236,C:/Projects/mother-eeg-data\1646854865829-Early_Precursors_of_Famil\Data\627-356-17m-mc-mmn36-waak.cnt,60ba0d1953d00ea81bbf7d116dd4d7301260ebc6c5941ea9f97221160e5e4d61
237,C:/Projects/mother-eeg-data\1646854865829-Early_Precursors_of_Famil\Data\628-369-17m-mc-mmn36.cnt,3c9c90a7e8ce1f309f9e51ed2e65a4f09d16f2eba9f9ba3f97ca944307a08234
238,C:/Projects/mother-eeg-data\1646854865829-Early_Precursors_of_Famil\Data\628-369-29m-mc-mmn36.cnt,f7aca311047979f5a17290aebafea9c54755019654b282faef5fac57d8d65d03
239,C:/Projects/mother-eeg-data\1646854865829-Early_Precursors_of_Famil\Data\635-364-17m-mc-mmn36.cnt,f04bed1c00dbbcc9a42cd2fc41cfa8b5f99f918b5ca4cd5295f3a1521a257dca
240,C:/Projects/mother-eeg-data\1646854865829-Early_Precursors_of_Famil\Data\635-364-29m-mc-mmn36.cnt,3e914dcb89f3fe7b226ef8fd7fc0892cf42ed876ba2f2dc078591d40a8f3575f
241,C:/Projects/mother-eeg-data\1646854865829-Early_Precursors_of_Famil\Data\636-468-17m-jc-mmn36.cnt,4ec2cecf9205e54c1fd07ebb67b8a91fe3851275a522111b9832227f5fdde130
242,C:/Projects/mother-eeg-data\1646854865829-Early_Precursors_of_Famil\Data\637-479-17m-mc-mmn36-2.cnt,3a37cfaa149642b39bd7449b869ebdfa4b0a37e509d9a4a9f082244e98463629
243,C:/Projects/mother-eeg-data\1646854865829-Early_Precursors_of_Famil\Data\637-479-17m-mc-mmn36.cnt,70c8a858344470baa2c0f5dc24bb1b404aac7648e2cd626139bb06d4ec67e40e
244,C:/Projects/mother-eeg-data\1646854865829-Early_Precursors_of_Famil\Data\639-484-17m-jc-mmn36.cnt,b509ca24d7b8afd8e72476ddbc6929bf9a960e523d7ba19d8b13003a105485a9
245,C:/Projects/mother-eeg-data\1646855777982-Early_Precursors_of_Famil\Data\624-373-17m-mc-mmn36-waak.cnt,f1b4fe292a17b4bd932e49ab8a2df016898b3484ab9c0edc9eef3880fdf4a049
246,C:/Projects/mother-eeg-data\1646855777982-Early_Precursors_of_Famil\Data\625-253-17m-jc-mmn36.cnt,721c50781122379671601ae88b2445d36cddf1f9640d64c51df3a258041a31f8
247,C:/Projects/mother-eeg-data\1646855777982-Early_Precursors_of_Famil\Data\625-253-29m-jc-mmn36.cnt,7ed0c8aed8367cf607cfa6d99a3f8c5f0f9710ff627e9bad7415f8c7b8b2b23a
248,C:/Projects/mother-eeg-data\1646855777982-Early_Precursors_of_Famil\Data\629-357-29m-jc-mmn36.cnt,fba762d12f6c780617ecacca0ae0bb560057357160c3e080f06a913bfb3a19b4
249,C:/Projects/mother-eeg-data\1646855777982-Early_Precursors_of_Famil\Data\629-357-jc-17m-mmn36.cnt,4fd13dc9624ed3470d525b0cc363d829b29858932d8983eec7aa2aac1d0ca9d8
250,C:/Projects/mother-eeg-data\1646855777982-Early_Precursors_of_Famil\Data\635-364-17m-mc-mmn36.cnt,a06a4d26d0fe68c189894cb332f131cf97c4f82afe07b032908da609b7cbcd71
251,C:/Projects/mother-eeg-data\1646855777982-Early_Precursors_of_Famil\Data\635-364-29m-mc-mmn36.cnt,b414715460c8e1f4b0b3bfe1f6ed2a5ff969c29e988fa4074cd1f91f8325ca2e
252,C:/Projects/mother-eeg-data\1646855777982-Early_Precursors_of_Famil\Data\636-468-17m-jc-mmn36.cnt,3370d4c3d055e5f6592f93b46edff5be5eb8cfa1bae33728306dd1744da003e3
253,C:/Projects/mother-eeg-data\1646855777982-Early_Precursors_of_Famil\Data\637-479-17m-mc-mmn36-2.cnt,3a31a35bbecf5c5b103167f73038a773eb95fbab4209acd3dad6f8c2b6a1ea47
254,C:/Projects/mother-eeg-data\1646855777982-Early_Precursors_of_Famil\Data\637-479-17m-mc-mmn36.cnt,188d1d13658c66c5f4dc66d4fbe0b21217fd6c667e99ca2c96f3ffc45e995bc8
255,C:/Projects/mother-eeg-data\1646855777982-Early_Precursors_of_Famil\Data\639-484-17m-jc-mmn36.cnt,50cfcc16206727f9881a73da6a749b679a52d2c8acc856799fc8c5c347d0fa7d
256,C:/Projects/mother-eeg-data\1646855857455-Early_Precursors_of_Famil\Data\624-373-17m-mc-mmn36-waak.cnt,da1507eee17bd312635184bf861c49c29e0c046e36aa545dca2126c35d56b56c
257,C:/Projects/mother-eeg-data\1646855857455-Early_Precursors_of_Famil\Data\625-253-17m-jc-mmn36.cnt,6961fdd97c4e85a39b82cfb11dc4b72eb62802b4d3b1299495e94929b0075843
258,C:/Projects/mother-eeg-data\1646855857455-Early_Precursors_of_Famil\Data\625-253-29m-jc-mmn36.cnt,239d7a4a141aaf20cce67b66adec5116ac47fe3d9bcab69cf4bc8726aa04c201
259,C:/Projects/mother-eeg-data\1646855857455-Early_Precursors_of_Famil\Data\629-357-29m-jc-mmn36.cnt,41370e381911890f729f6d38d80ddf600d4221d3439eee6673bceb87ecc6ecff
260,C:/Projects/mother-eeg-data\1646855857455-Early_Precursors_of_Famil\Data\629-357-jc-17m-mmn36.cnt,b090b88fbc7bf2f5bb84d037b9fc1ba36d3d86734bab4f38197acca02151a0ac
261,C:/Projects/mother-eeg-data\1646855857455-Early_Precursors_of_Famil\Data\635-364-17m-mc-mmn36.cnt,2b2a022cc52c70c23adc2ae8fcb618d79f04eceff728d077576f6aaa1e02a8d9
262,C:/Projects/mother-eeg-data\1646855857455-Early_Precursors_of_Famil\Data\635-364-29m-mc-mmn36.cnt,dc07c4f14da86a2abd664416cac0db95029ccb616b776f0197813d00c0f2a5d4
263,C:/Projects/mother-eeg-data\1646855857455-Early_Precursors_of_Famil\Data\636-468-17m-jc-mmn36.cnt,9aedfefe8807c08194f063f2e01d035b2975ac040f5f76f706e3d26914fac470
264,C:/Projects/mother-eeg-data\1646855857455-Early_Precursors_of_Famil\Data\637-479-17m-mc-mmn36-2.cnt,07c507a8beb6b2d21961b86faf90c5a487b8fb841775fae29b9edb529efce202
265,C:/Projects/mother-eeg-data\1646855857455-Early_Precursors_of_Famil\Data\637-479-17m-mc-mmn36.cnt,1dfb59c39e9a2807e060e94093da6d3c15c41e136af36daba057b190ca8f4357
266,C:/Projects/mother-eeg-data\1646855857455-Early_Precursors_of_Famil\Data\639-484-17m-jc-mmn36.cnt,bac7bda97466d0b9246c9ad71ff35ffe34c43d5e1e8bd9d38bba4c929790d642
267,C:/Projects/mother-eeg-data\1646855952576-Early_Precursors_of_Famil\Data\611_157_17m_mc_mmn36.cnt,8e989dcd17301c0bdc783323f15fcbdf58f139a99afd5fb6d94b9f9890fb034c
268,C:/Projects/mother-eeg-data\1646855952576-Early_Precursors_of_Famil\Data\624-373-17m-mc-mmn36-waak.cnt,090b849af4e80ae7a57ad041c4db5f61ef5f19a1e12109d3e09931d2354f8c32
269,C:/Projects/mother-eeg-data\1646855952576-Early_Precursors_of_Famil\Data\625-253-17m-jc-mmn36.cnt,d5ad145c05f1fca1b826845522f221b4fae45d2bea8f3f2faebce9e420769f60
270,C:/Projects/mother-eeg-data\1646855952576-Early_Precursors_of_Famil\Data\625-253-29m-jc-mmn36.cnt,465da97ac11048f2c9dffcb18f74f49c4e2fe7e25a39d3d9aacccebd4b221da6
271,C:/Projects/mother-eeg-data\1646855952576-Early_Precursors_of_Famil\Data\629-357-29m-jc-mmn36.cnt,4a995b234b5e46cc5766892b04b2cc523810108d972f76dd946ad97304d55e3b
272,C:/Projects/mother-eeg-data\1646855952576-Early_Precursors_of_Famil\Data\629-357-jc-17m-mmn36.cnt,8afef07351ec7cc17cd4e568d891fb81844fe91c2f1c819715073de8fc6cb678
273,C:/Projects/mother-eeg-data\1646855952576-Early_Precursors_of_Famil\Data\635-364-17m-mc-mmn36.cnt,5ff41d455c03cda75eedd28057e6017a6231326c51acf6f559cd452020ebce8c
274,C:/Projects/mother-eeg-data\1646855952576-Early_Precursors_of_Famil\Data\635-364-29m-mc-mmn36.cnt,b987c6eac047946075b1adfe13f88055dfdaeed8f61c9f88c10feaa55b6077b9
275,C:/Projects/mother-eeg-data\1646855952576-Early_Precursors_of_Famil\Data\636-468-17m-jc-mmn36.cnt,081675fb9f11240352812ce7451204f30d3bb5ce7fc86f08abd1c79642986ef4
276,C:/Projects/mother-eeg-data\1646855952576-Early_Precursors_of_Famil\Data\637-479-17m-mc-mmn36-2.cnt,1f32a6ce4e6c801469c1499c1d1d0eaed4891a76d9655e08897398b6a359ff0f
277,C:/Projects/mother-eeg-data\1646855952576-Early_Precursors_of_Famil\Data\637-479-17m-mc-mmn36.cnt,85aed4a48ad63c1dbec1608fc8c114e1fa4070f20678a0a4af026c36e17fe401
278,C:/Projects/mother-eeg-data\1646855952576-Early_Precursors_of_Famil\Data\639-484-17m-jc-mmn36.cnt,f393b560ed9982dc291e3cb279ad4be90b080df1faad52024cbcf9a3fd3b8c85
279,C:/Projects/mother-eeg-data\1646856829328-Early_Precursors_of_Famil\Data\613-176-17m-mc-mmn36.cnt,f668adf81732d8d37221a0fb16d2c07559ad47ad8f8cec5f3bed5f33803465ef
280,C:/Projects/mother-eeg-data\1646856829328-Early_Precursors_of_Famil\Data\613-176-29m-mc-mmn36.cnt,2e7cfbfded9e6044abd3793b20d0f22d107375c2cc75f87be0f38938623c1e17
281,C:/Projects/mother-eeg-data\1646856829328-Early_Precursors_of_Famil\Data\618-163-17m-j-c-mmn36.cnt,7c67f83ba743acabc5d340906b59653d346609e7d1f1589d25041429bec50be2
282,C:/Projects/mother-eeg-data\1646856829328-Early_Precursors_of_Famil\Data\618-163-29m-jc-mmn36.cnt,71b9b5359a58bd686387bdc594570e9d1a464660dea5bb4efb2baddc41fb3130
283,C:/Projects/mother-eeg-data\1646856829328-Early_Precursors_of_Famil\Data\624-373-17m-mc-mmn36-waak.cnt,fc33c3f8f247f981a5521791c8f38e35c6a01f9c15eb6e1d484571972663590d
284,C:/Projects/mother-eeg-data\1646856829328-Early_Precursors_of_Famil\Data\625-253-17m-jc-mmn36.cnt,42599f64d4cae4e97c9d6eaa7f551f86352a8353885b1cffbe46e6fca05787b6
285,C:/Projects/mother-eeg-data\1646856829328-Early_Precursors_of_Famil\Data\625-253-29m-jc-mmn36.cnt,8bb6ac8c6382ccb952c2bab8d3aecd652ab58002375248223a0128f391345d7a
286,C:/Projects/mother-eeg-data\1646856829328-Early_Precursors_of_Famil\Data\629-357-29m-jc-mmn36.cnt,9af8526986a0d6d776470a55cb1bb69b242889289825715c54f05c560c7f32d6
287,C:/Projects/mother-eeg-data\1646856829328-Early_Precursors_of_Famil\Data\629-357-jc-17m-mmn36.cnt,be31dec9e0ff294c11d8999030aff5844d6a87fbc8e7d5c9ab3feb1460c9fd77
288,C:/Projects/mother-eeg-data\1646856829328-Early_Precursors_of_Famil\Data\635-364-17m-mc-mmn36.cnt,dbb79d85e2fe8edb72d1015377db2282903b1bc5eccae36002569bbf01299b1c
289,C:/Projects/mother-eeg-data\1646856829328-Early_Precursors_of_Famil\Data\635-364-29m-mc-mmn36.cnt,a63836a4b375323aa1a918496e320d82481aef6f884e04e59133109f793c6ccd
290,C:/Projects/mother-eeg-data\1646856829328-Early_Precursors_of_Famil\Data\636-468-17m-jc-mmn36.cnt,1be14d97efae202c6fe91b2724d2f96a28d7d7fce5ffdb0d01c6a496ee188557
291,C:/Projects/mother-eeg-data\1646856829328-Early_Precursors_of_Famil\Data\637-479-17m-mc-mmn36-2.cnt,223b5127851435e19af15a67580094040bebef1d89fc6c83b6fcf7f44f8491a8
292,C:/Projects/mother-eeg-data\1646856829328-Early_Precursors_of_Famil\Data\637-479-17m-mc-mmn36.cnt,6040be9a705814f003af454db4177b7603d2180af701f58e56ddbf7aad652a1a
293,C:/Projects/mother-eeg-data\1646856829328-Early_Precursors_of_Famil\Data\639-484-17m-jc-mmn36.cnt,6a6f0e710f635861dbd677dae96ddcba1dae2718c5a86d3b97b484dff6759292
294,C:/Projects/mother-eeg-data\1646857455737-Early_Precursors_of_Famil\Data\609-158-17m-jc-mmn36.cnt,305eea17961cdfd0b4adbfa83c1d26cb12ffede3ea9b9b76dbb0e8a32d8f1bda
295,C:/Projects/mother-eeg-data\1646857455737-Early_Precursors_of_Famil\Data\609-158-29m-jc-mmn36.cnt,dc470f4efaa46a988adfeccbf8a96ca9238dd29254a0bbf36b591d7fa3a95ec0
296,C:/Projects/mother-eeg-data\1646857455737-Early_Precursors_of_Famil\Data\610-185-29m-jc-mmn36-2-waak.cnt,4d06f369d0d53b4cc8f26824f06e040ecb909e4741a1270e0f721da28b4fdefe
297,C:/Projects/mother-eeg-data\1646857455737-Early_Precursors_of_Famil\Data\610_185_17m_jc_mmn36.cnt,9bc04fc0bd677a3029ca7786bd338c93b4ce272eb56775306d960516ff35623c
298,C:/Projects/mother-eeg-data\1646857503973-Early_Precursors_of_Famil\Data\605-131-17m-jc-mmn.cnt,2ad87353f114a91cc8e2d0070f6dbef030864e6bed409ce463252bb0a0cde41f
299,C:/Projects/mother-eeg-data\1646857503973-Early_Precursors_of_Famil\Data\605-131-29m-jc-mmn36.cnt,5c19663ed84c763e20a39517649e05a88d2667c1858949c3c6ffad8ed6b202c1
300,C:/Projects/mother-eeg-data\1646857503973-Early_Precursors_of_Famil\Data\607-000-17m-jc-mmn1_36.cnt,8cb1dea9ed5a1f011ea72d77d750a775b21af7dfb87ebdbeae7162d7cf3af8fc
301,C:/Projects/mother-eeg-data\1646857503973-Early_Precursors_of_Famil\Data\607-128-29m-jc-mmn36.cnt,423c083c5aba00c134e68c7762f59227f94afc7fc91a73e250e2456b426df955
302,C:/Projects/mother-eeg-data\1646857503973-Early_Precursors_of_Famil\Data\608-170-17m-mc-mmn36_2.cnt,630ece767083129d4d10d279633a290a1e1a9243ccdf2b4f4413e3b101f7f942
303,C:/Projects/mother-eeg-data\1646857503973-Early_Precursors_of_Famil\Data\608-170-29m-mc-mmn36.cnt,04b9f2317aa321750751471650247909db4d0af625990bee78676c5952dbbf22
304,C:/Projects/mother-eeg-data\1646857661935-Early_Precursors_of_Famil\Data\602-115-17m-mc-mmn.cnt,cade53c907f6897f23caa787385a40cd3a17cca276d3378c7d5ebf7f90923024
305,C:/Projects/mother-eeg-data\1646857661935-Early_Precursors_of_Famil\Data\602-115-29m-mc-mmn36.cnt,df70c07e3e067c2dbefc6f120f41333f2d38e4c6fa2ee3fad8354957bc5706bb
306,C:/Projects/mother-eeg-data\1646857661935-Early_Precursors_of_Famil\Data\604-133-17m-jc-mmn36.cnt,448a9cbc36da934efccce6ef6d184a2f3bf8e270aafa88a9193a40a34d0890d9
307,C:/Projects/mother-eeg-data\1646857661935-Early_Precursors_of_Famil\Data\604-133-29m-jc-mmn36.cnt,0ea3bb706f91915448c4defa0e25fdccd03fb0c8d9d264e37bece47a575b76cf
